"","Groundwater _mean","Groundwater _sd"
"Fall",0.929993213759224,0.0470268528598268
"Spring",0.863731610769759,0.053285577475252
"Summer",0.903016266268701,0.0720395188023905
